{
  "qb-movie": {
    "2025-07-16": {
      "upload": 4340.11,
      "download": 1108.47
    }
  },
  "qb-heigong1": {
    "2025-07-16": {
      "upload": 4867.27,
      "download": 0.0
    }
  },
  "qb-heigong2": {
    "2025-07-16": {
      "upload": 3973.06,
      "download": 0.0
    }
  },
  "qb-vt": {
    "2025-07-16": {
      "upload": 0.0,
      "download": 0.0
    }
  },
  "tr-movie": {
    "2025-07-16": {
      "upload": 0.0,
      "download": 0.0
    }
  },
  "tr-vt": {
    "2025-07-16": {
      "upload": 0.0,
      "download": 0.0
    }
  }
}