{
  "qb-movie": {
    "2025-07-17": {
      "upload": 4537.77,
      "download": 1128.4
    },
    "2025-07-18": {
      "upload": 0.0,
      "download": 1129.32
    }
  },
  "qb-heigong1": {
    "2025-07-17": {
      "upload": 5860.6,
      "download": 0.0
    },
    "2025-07-18": {
      "upload": 348.39,
      "download": 0.0
    }
  },
  "qb-heigong2": {
    "2025-07-17": {
      "upload": 4012.46,
      "download": 0.0
    },
    "2025-07-18": {
      "upload": 0.14,
      "download": 0.0
    }
  },
  "qb-vt": {
    "2025-07-17": {
      "upload": 0.0,
      "download": 0.0
    },
    "2025-07-18": {
      "upload": 0.0,
      "download": 0.0
    }
  }
}